first_name,last_name,gender,language,race
Nichol,Kinch,Female,Filipino,African American
Reidar,Kamiyama,Male,Dari,Sioux
Tracy,Tumbelty,Male,New Zeland,American Indian
Fairfax,Zorzin,Male,Somali,Chickasaw
Kamilah,Dorken,Female,Gagauz,Mexican
Haywood,Youle,Male,Armenian,Indonesian
Henka,Ropkes,Female,Persian,Samoan
Wyndham,Kobke,Male,Bislama,Guamanian
Goober,Blazeby,Male,Czech,Colville
Borden,Poat,Male,Sotho,Venezuelan
Vanna,Gwilt,Female,Amharic,Tlingit-Haida
Patty,Heeley,Female,Malay,Chamorro
Buddie,Bendik,Male,Polish,South American
Olenka,Eschelle,Female,Quechua,Thai
Jeth,Eberst,Male,Montenegrin,Cree
Dion,Stockings,Male,Romanian,Laotian
Giovanna,Rispen,Female,Ndebele,Colville
Remus,Duchart,Male,Polish,Asian Indian
Grazia,Tagg,Female,Latvian,Laotian
Crawford,Torald,Male,Irish Gaelic,Asian
Milly,Grunwall,Female,Belarusian,Pueblo
Betty,Wogan,Female,Chinese,Alaska Native
Omero,Cassels,Male,Malayalam,Honduran
Angel,Craven,Male,Hebrew,Guatemalan
Dode,MacCumeskey,Female,Indonesian,Tongan
Joscelin,Rowbotham,Female,Estonian,Asian Indian
Rosamund,Varnam,Female,Norwegian,Filipino
Chaunce,Hannis,Male,Catalan,Chinese
Leupold,Rosario,Male,Latvian,Fijian
Rowe,Tupp,Female,Marathi,Tongan
Fair,Sylvaine,Male,Kyrgyz,Eskimo
Nealon,Anton,Male,West Frisian,Pima
Tristam,Schott,Male,Hindi,Comanche
Harlen,Tomankiewicz,Male,Pashto,Ute
Nichole,Scrigmour,Male,Kazakh,Fijian
Lena,Hawker,Female,Croatian,Taiwanese
Elayne,Rouby,Female,Swedish,Vietnamese
Mylo,Tann,Male,Yiddish,Bangladeshi
Berne,Gadie,Male,Persian,Salvadoran
Harland,Bussen,Male,Georgian,Chinese
Erick,Amner,Male,Bosnian,Lumbee
Sybyl,Moult,Female,Gagauz,Salvadoran
Joana,Gorrick,Female,Albanian,Cherokee
Dwain,Donoghue,Male,Greek,Peruvian
Maurise,Tift,Male,Haitian Creole,Paraguayan
Lay,Piquard,Male,Ndebele,Polynesian
Gerty,Siflet,Female,Kashmiri,Spaniard
Valentine,Grahame,Female,Swedish,Alaskan Athabascan
Amos,Glandfield,Male,Dutch,Ute
Pattin,Mandy,Male,Malayalam,Ecuadorian
Darrell,Calvard,Male,Hindi,Melanesian
Karlee,Frisel,Female,Kyrgyz,Peruvian
Aeriela,Heinl,Female,Hebrew,Yaqui
Lanie,Polson,Male,Azeri,Fijian
Guendolen,Guiden,Female,Romanian,Puget Sound Salish
Colby,Semiras,Male,Chinese,Guamanian
Gaby,Kimmerling,Male,Hindi,Cambodian
Lilli,Rayer,Female,Kazakh,Asian
Troy,Yurukhin,Male,Persian,Malaysian
Woodrow,Le Count,Male,Korean,Laotian
Brooke,Tarling,Male,Hungarian,NHPI
Nancee,Duesbury,Female,Dhivehi,Apache
Tiena,Campling,Female,Montenegrin,Yuman
Sollie,Pendlebury,Male,Māori,White
Auroora,Kulas,Female,Fijian,Cuban
Yorgo,Imm,Male,Latvian,Yaqui
Ashli,Buckhurst,Female,English,Fijian
Barnaby,Douthwaite,Male,Haitian Creole,Sioux
Berti,Gherardi,Male,Māori,Navajo
Glenine,Garrique,Female,Kannada,Eskimo
Wynnie,Vockins,Female,Papiamento,Pakistani
Toby,Birchenough,Male,English,Taiwanese
Patrick,Konmann,Male,Bulgarian,Cuban
Amory,Paler,Male,Telugu,Pima
Silvanus,Izakof,Male,Dzongkha,Seminole
Joyous,Yakov,Female,Danish,Micronesian
Delmer,Toovey,Male,Czech,Tongan
Carlina,McCart,Female,Italian,Native Hawaiian
Mabelle,Badam,Female,Punjabi,Dominican
Artus,Davidoff,Male,Greek,Sioux
Louis,Lowe,Male,Tswana,Yaqui
Benn,Nursey,Male,Kyrgyz,Cheyenne
Maurizia,Kingsmill,Female,Hindi,Houma
Lilla,Stote,Female,Fijian,Comanche
Izzy,Critchley,Male,Dzongkha,Iroquois
Job,Pantling,Male,Fijian,Creek
Vivia,Rasp,Female,Sotho,Vietnamese
Elie,Pechet,Female,Maltese,Taiwanese
Donnie,Van den Broek,Male,Sotho,Guatemalan
Spence,Willingam,Male,Malayalam,Costa Rican
Arin,Soldi,Male,Swati,Cheyenne
Gar,Matonin,Male,English,South American
Diego,De Bernardis,Male,Greek,Cambodian
Ailsun,Iacovino,Female,Lao,Sioux
Ricki,Weetch,Female,Hiri Motu,Guamanian
Henrietta,Lambal,Female,Aymara,Blackfeet
Phyllida,Murrthum,Female,Hiri Motu,Micronesian
Nikita,Bathoe,Male,Burmese,Indonesian
Beauregard,Raven,Male,Nepali,Tlingit-Haida
Savina,Jamot,Female,Maltese,Samoan
Yorke,Reaveley,Male,Tsonga,Asian
Holly,Salt,Male,Finnish,Argentinian
Woody,Thain,Male,Maltese,Polynesian
Grover,Prophet,Male,Italian,Alaskan Athabascan
Jeramie,Ollin,Male,Malayalam,Yuman
Koenraad,Henden,Male,Punjabi,Mexican
Virgie,McAlinion,Male,Gujarati,Puget Sound Salish
Lionello,Suatt,Male,West Frisian,Choctaw
Benedicto,Storre,Male,Guaraní,Bangladeshi
Melvin,Reignolds,Male,Kannada,Japanese
Moselle,Matignon,Female,Tok Pisin,American Indian
Pattie,McGrane,Female,Hungarian,Cree
Shaw,Itzkovitch,Male,Ndebele,Comanche
Nanny,Mousley,Female,Latvian,Taiwanese
Husain,Swatland,Male,Amharic,Pakistani
Rici,Chasen,Female,Oriya,Tongan
Allie,Tamburo,Female,Romanian,Costa Rican
Jacinthe,Medendorp,Female,Malayalam,Blackfeet
Melisse,Bonett,Female,Irish Gaelic,Alaskan Athabascan
Lyell,Ponter,Male,Tsonga,Chilean
Ganny,Caldes,Male,Sotho,Yakama
Martelle,Sorsbie,Female,Luxembourgish,Puerto Rican
Sibyl,Lednor,Male,Spanish,AIAN
Emerson,Rude,Male,Hiri Motu,Cuban
Brit,Burrill,Male,Moldovan,Chickasaw
Ella,Degnen,Female,Czech,Seminole
Carly,Bernardet,Female,Tajik,Dominican
Agace,Gostall,Female,Sotho,Ute
Filmer,Thwaite,Male,Italian,Guatemalan
Regina,Lockner,Female,Mongolian,Eskimo
Reinaldo,Reisenstein,Male,Catalan,Peruvian
Amandy,Coslett,Female,Hebrew,AIAN
Petronia,Wadmore,Female,Montenegrin,South American
Libbey,Vallantine,Female,Czech,Japanese
Lucho,Kennelly,Male,Bulgarian,Nicaraguan
Hope,Huebner,Female,Japanese,African American
Mikel,Yerson,Male,Bengali,Sioux
Dodie,Wetherby,Female,Moldovan,Cherokee
Wilfred,Darleston,Male,Bulgarian,Guatemalan
Jonah,Dungate,Male,Indonesian,Chippewa
Gerty,Joskowicz,Female,Georgian,Chippewa
Isidora,Gruczka,Female,Northern Sotho,Honduran
Andrus,Lovemore,Male,Lao,Pueblo
Marlo,Garmston,Male,Quechua,Chinese
Marlow,Ambrogetti,Male,Filipino,Polynesian
Lorin,Stagg,Male,Georgian,Guatemalan
Cora,Gilderoy,Female,Thai,Spaniard
Anatol,Gething,Male,Gujarati,Salvadoran
Sarene,Pettitt,Female,Icelandic,Chinese
Gwendolin,Gamage,Female,Bosnian,Spaniard
Danya,Tallyn,Male,Maltese,Navajo
Albert,Humbert,Male,Malagasy,Taiwanese
Almeria,Bennen,Female,Luxembourgish,AIAN
Blakeley,Upston,Female,Polish,South American
Saunders,Elvin,Male,Norwegian,Sioux
Dannel,Mothersole,Male,Somali,Ottawa
Ferguson,Rubenovic,Male,Arabic,Filipino
Babb,Wyldish,Female,Gagauz,Salvadoran
Boot,Serjeantson,Male,Yiddish,Cherokee
Jaime,Morgen,Female,Albanian,Mexican
Bernhard,Beedom,Male,Romanian,Japanese
Tadd,Leupoldt,Male,Japanese,Guatemalan
Rozamond,Richardt,Female,Somali,Colville
Shadow,St Angel,Male,Macedonian,Malaysian
Myrvyn,Mollin,Male,Fijian,Peruvian
Stanley,Reinger,Male,Dzongkha,Alaskan Athabascan
Pam,Doiley,Female,Lao,Kiowa
Winny,Vagg,Female,French,Guamanian
Felipe,Novik,Male,Dutch,Aleut
Anastassia,Pealing,Female,Italian,Eskimo
Antonietta,Zimmermeister,Female,Aymara,Peruvian
Thor,Hodges,Male,Montenegrin,South American
Arther,Dobie,Male,Irish Gaelic,Creek
Myrtia,Beverstock,Female,Burmese,African American
Trueman,Symones,Male,Tok Pisin,Chippewa
Jeane,Charkham,Female,Maltese,Shoshone
Marga,Windridge,Female,Marathi,Cuban
Marisa,Reschke,Female,Azeri,Sioux
Salmon,Schonfelder,Male,Estonian,Central American
Archaimbaud,Stollman,Male,Swahili,Cree
Martha,Snowdon,Female,Kannada,Yaqui
Juline,Bernardeau,Female,Tamil,Navajo
Karna,Dougill,Female,Indonesian,Pakistani
Myer,Pauncefoot,Male,Tsonga,Melanesian
Delphinia,Gregoriou,Female,Burmese,Guamanian
Barris,Jefferson,Male,Kurdish,Blackfeet
Amelia,Gossington,Female,German,Argentinian
Filberto,Stokoe,Male,Thai,Alaska Native
Rafa,Gawthorpe,Female,Bislama,South American
Jerrome,Breed,Male,Romanian,Cambodian
Petrina,Daybell,Female,Lithuanian,Alaska Native
Kary,Wyles,Female,Māori,Indonesian
Brig,Rosini,Male,Oriya,Vietnamese
Maryellen,Laffin,Female,Gujarati,Chinese
Bertie,Plaid,Male,Malayalam,Menominee
Smith,Dowber,Male,Hebrew,Polynesian
Blaine,Dibb,Male,Northern Sotho,Honduran
Jefferey,Cornner,Male,Irish Gaelic,Tlingit-Haida
Jacinda,Fritchly,Female,Malayalam,Chamorro
Mariana,Frankum,Female,Māori,Cherokee
Chelsae,Cowle,Female,Afrikaans,Creek
Demetrius,Tomei,Male,Montenegrin,Central American
Hyacinthe,Albrighton,Female,Tetum,Thai
Edee,Matthews,Female,Amharic,Guamanian
Lilah,Sumshon,Female,Tswana,Colombian
Brok,Duferie,Male,Afrikaans,Lumbee
Worthy,Leyband,Male,Moldovan,Salvadoran
Brendis,Puvia,Male,Haitian Creole,Tongan
Krispin,Dinwoodie,Male,Hiri Motu,Asian Indian
Thelma,Strutz,Female,Aymara,Spaniard
Alyssa,Elgy,Female,Afrikaans,Taiwanese
Marieann,Dron,Female,Burmese,Ottawa
Laughton,Tremblay,Male,New Zeland,Melanesian
Barr,Mulcahy,Male,Tsonga,Asian
Zorina,Blakemore,Female,Swati,Bolivian
Geoff,Gother,Male,Swati,Choctaw
Celestyn,Pettiford,Female,Catalan,Eskimo
Georas,Stevenson,Male,Catalan,Cheyenne
Drucie,Pyatt,Female,Sotho,Chamorro
Ambrosius,Staley,Male,Kazakh,Cuban
Fancy,Kennsley,Female,Kyrgyz,Tohono O'Odham
Yurik,Boyer,Male,Somali,Seminole
Marleah,Hiland,Female,Hebrew,Tlingit-Haida
Robinet,Egalton,Female,Khmer,Tongan
Jarret,Gehringer,Male,Northern Sotho,Guatemalan
Gus,Rowney,Male,Burmese,Tlingit-Haida
Dael,Gabbatt,Male,Nepali,Venezuelan
Alyda,Sheard,Female,Catalan,Bangladeshi
Gilda,Ingolotti,Female,Persian,Blackfeet
Claudie,Willey,Female,German,Tlingit-Haida
Amie,Simpole,Female,Kashmiri,Yaqui
Jo ann,McKelvey,Female,Punjabi,Sri Lankan
Luci,Bremmell,Female,West Frisian,Laotian
Atlanta,Sproat,Female,Zulu,Japanese
Corrie,Cheek,Female,Quechua,Chilean
Honoria,Dakers,Female,Ndebele,Menominee
Daren,Demogeot,Male,Kashmiri,Delaware
Helena,Langlais,Female,Tajik,Vietnamese
Berty,Ephgrave,Male,Malagasy,Chippewa
Tandie,Findlay,Female,Czech,Lumbee
Kerry,Happel,Female,Māori,Melanesian
Christye,Gounod,Female,Papiamento,Melanesian
Gale,Aasaf,Female,Luxembourgish,Chickasaw
Blisse,Domone,Female,Khmer,Cuban
Olimpia,Helkin,Female,Papiamento,Vietnamese
Lilly,Disley,Female,Tetum,Chilean
Bernadene,Pavlenko,Female,Polish,Colville
Pascale,Johnsson,Male,Finnish,Comanche
Karlis,Bushaway,Male,Macedonian,American Indian
Mathias,McMeeking,Male,Croatian,Paiute
Bradan,Fevers,Male,Haitian Creole,Eskimo
Sheppard,Feldberg,Male,Azeri,Cree
Bee,Hane,Female,Dhivehi,American Indian
Viviana,Roslen,Female,Polish,Blackfeet
Audie,Broader,Female,Pashto,Kiowa
Antonie,Hylton,Female,Arabic,NHPI
Tomi,Vereker,Female,Kyrgyz,Seminole
Horacio,Shillitoe,Male,Norwegian,Hmong
Rafael,Nickels,Male,Danish,Filipino
Francklin,Hiom,Male,Danish,Osage
Jarred,Hars,Male,Punjabi,Laotian
Justis,Briton,Male,Northern Sotho,Lumbee
Sawyer,MacCrann,Male,Lithuanian,Eskimo
Daren,Fishbourne,Male,Polish,NHPI
Clerkclaude,Pentycost,Male,Swahili,Cree
Correy,Prandy,Male,Belarusian,Eskimo
Wilfrid,McKenzie,Male,Hungarian,Tlingit-Haida
Sibyl,Philo,Male,Polish,Colville
Britteny,Pearse,Female,Lao,Guatemalan
Kristal,Lax,Female,Zulu,Malaysian
Kelsi,Thompkins,Female,Georgian,Thai
Sophie,Hancill,Female,Tetum,Alaska Native
Goldie,Verbruggen,Female,French,Bangladeshi
Rand,Bott,Male,Maltese,Yakama
Viv,Bamford,Female,Swahili,Blackfeet
Ruprecht,Ziemke,Male,Malay,Chilean
Derby,MacAdie,Male,Lao,Pima
Mallorie,Lysaght,Female,Somali,Tongan
Ian,Dexter,Male,Afrikaans,Houma
Melisenda,Buist,Female,Indonesian,Venezuelan
Yankee,Scamal,Male,Yiddish,Spaniard
Catrina,Setch,Female,Arabic,Argentinian
Eal,Shiel,Male,Hiri Motu,Samoan
Marian,Pays,Female,Lao,Argentinian
Benjy,Stanbra,Male,Zulu,Yuman
Ham,Hartington,Male,Dutch,Ute
Tanner,Eglaise,Male,Swati,Shoshone
Scot,Gilliland,Male,Bosnian,Yaqui
Tarrah,Leele,Female,Chinese,American Indian
Ethelbert,Grono,Male,Tamil,Kiowa
Patricio,Willoughby,Male,Georgian,Seminole
Felecia,Uccello,Female,Bulgarian,Honduran
Garner,Batram,Male,English,Menominee
Shir,Peppard,Female,Portuguese,Menominee
Raine,McLaren,Female,Marathi,Chilean
Adelice,Gannaway,Female,Irish Gaelic,Venezuelan
Albertine,Titheridge,Female,Spanish,Potawatomi
Abbie,Render,Male,Korean,Navajo
Christye,Yapp,Female,Thai,Spaniard
Micah,Beatens,Male,Guaraní,Creek
Lesli,Hencke,Female,Swati,Central American
Gard,Gedge,Male,Somali,Guatemalan
Martin,Meiklam,Male,Georgian,Hmong
Isidore,Brakewell,Male,Maltese,American Indian
Marysa,Redborn,Female,French,Potawatomi
Melvyn,Bleibaum,Male,Maltese,Hmong
Sher,Crannell,Female,Malayalam,Asian
Jyoti,Swatman,Female,Irish Gaelic,South American
Patrica,Lilbourne,Female,Sotho,Melanesian
Ethyl,Blazic,Female,Mongolian,Argentinian
Kati,Siemandl,Female,Oriya,Puerto Rican
Danell,Ipgrave,Female,Māori,Cuban
Krista,Galliford,Female,Telugu,Yuman
Felipe,Luscombe,Male,West Frisian,Cuban
Angil,Elloit,Female,Portuguese,Uruguayan
Lillis,Chavrin,Female,Fijian,Delaware
Ruggiero,Wreath,Male,Burmese,Menominee
Alexandro,Cann,Male,Guaraní,Samoan
Emmalee,Simenet,Female,Kazakh,South American
Neall,Blackney,Male,Tsonga,White
Brit,Klauber,Male,Gujarati,Cree
Paten,Waber,Male,Aymara,Yaqui
Tabby,Chesterton,Male,Amharic,Pueblo
Andrus,Latore,Male,Arabic,Tlingit-Haida
Sky,Fewtrell,Male,Hindi,Paraguayan
Nat,Jeske,Male,Gagauz,Chippewa
Alvis,Meah,Male,Papiamento,Central American
Bendix,McNeilley,Male,Luxembourgish,Paiute
Sasha,Hansbury,Male,Swahili,Chamorro
Robinson,Yielding,Male,Aymara,AIAN
Anselm,Millsap,Male,French,Paraguayan
Neille,Cordsen,Female,Malagasy,Blackfeet
Paton,Arthan,Male,Albanian,Japanese
Aurthur,Thomerson,Male,Chinese,Pima
Raimund,Kingsley,Male,Azeri,American Indian
Bernadene,Joel,Female,Fijian,Paiute
Danell,Brimilcome,Female,Swati,Cambodian
Consalve,Maskill,Male,Portuguese,African American
Cynthie,Glasscoo,Female,Swedish,African American
Palm,Steart,Male,Czech,Iroquois
Barnabe,Castanaga,Male,Kannada,Chickasaw
Niall,Jimenez,Male,Bengali,Filipino
Gregoire,Lowerson,Male,Kurdish,Asian
Halette,Smaile,Female,Swedish,Thai
Nessi,Garvan,Female,Albanian,Pueblo
Bernie,Blaise,Male,German,Alaskan Athabascan
Rickert,Kiezler,Male,Malagasy,Alaska Native
Sidney,Bindin,Male,Icelandic,Sri Lankan
Rodrique,Dering,Male,Tetum,Tohono O'Odham
Hashim,Bothbie,Male,Lao,Spaniard
Seth,Tetsall,Male,Armenian,White
Kermit,Dorrance,Male,Korean,Blackfeet
Ellis,Dmych,Male,Albanian,Sri Lankan
Gunilla,Rettie,Female,Quechua,Paiute
Chloette,Oldcroft,Female,Bislama,Filipino
Paolina,Cook,Female,Afrikaans,Indonesian
Gnni,Longforth,Female,Dari,Paraguayan
Sherwood,Wimmer,Male,Papiamento,Osage
Caprice,Vaneev,Female,Luxembourgish,AIAN
Robers,Hakonsson,Male,Danish,American Indian
Marjory,Quinnet,Female,Bosnian,South American
Codie,Asch,Male,Hebrew,American Indian
Deerdre,Connealy,Female,Thai,Hmong
Brandon,Soppitt,Male,Malay,Venezuelan
Douglass,Aikin,Male,Malayalam,Sioux
Adriana,Einchcombe,Female,Lithuanian,Spaniard
Glori,Harnetty,Female,Nepali,Laotian
Adriane,Jossel,Female,Zulu,Paraguayan
Lanie,Philo,Female,Kannada,Chilean
Cal,Bennellick,Female,Swedish,Paiute
Inglebert,Redolfi,Male,Malagasy,Paraguayan
Anne-marie,Quartly,Female,Armenian,Ottawa
Clifford,Kirgan,Male,Lithuanian,Hmong
Kaycee,Skeemor,Female,Aymara,Dominican
Daryle,Dugald,Male,Persian,Yakama
Jonathon,Lindberg,Male,Montenegrin,Vietnamese
Theo,Rupert,Male,Kannada,Laotian
Raimund,MacDunleavy,Male,Macedonian,Costa Rican
Adoree,Harness,Female,Danish,Thai
Aliza,Ruffy,Female,Chinese,Seminole
Jules,MacFall,Male,Kannada,Kiowa
Shanna,Normanton,Female,Catalan,Houma
Joly,Iacomi,Female,Portuguese,Malaysian
Petronia,Rowntree,Female,Bislama,Apache
Chilton,Ghidelli,Male,Pashto,Native Hawaiian
Ronnie,Ungerecht,Female,Swati,Cherokee
Marylynne,Crone,Female,Hiri Motu,American Indian
Marta,Crallan,Female,Luxembourgish,Alaskan Athabascan
Westbrook,Speir,Male,Tok Pisin,Panamanian
Inglebert,Collcott,Male,Azeri,Ecuadorian
Duane,Philpin,Male,Gagauz,Mexican
Fitzgerald,Skewes,Male,Norwegian,Vietnamese
Aeriel,Fairey,Female,Georgian,Spaniard
Hiram,Gueinn,Male,Luxembourgish,Laotian
Estel,Boughtflower,Female,Hindi,Cuban
Marshall,Bitcheno,Male,Albanian,Yakama
Brunhilde,Blunderfield,Female,Kazakh,Menominee
Dalila,Roote,Female,Belarusian,Ottawa
Cameron,MacGillivray,Male,Polish,Tongan
Esther,Van der Beken,Female,Italian,Spaniard
Spenser,Holsall,Male,Irish Gaelic,American Indian
Sidoney,Kelloway,Female,Māori,Japanese
Dee,Haugg,Female,Croatian,Osage
Ody,Geeritz,Male,Finnish,Navajo
Dalt,Whanstall,Male,Amharic,Malaysian
Rich,Pull,Male,German,Chippewa
Rhett,Semble,Male,Moldovan,Crow
Chrissy,Neumann,Male,Tajik,Lumbee
Pernell,Brane,Male,Dari,Alaskan Athabascan
Grenville,Cluely,Male,Sotho,Vietnamese
Dyan,Bess,Female,Albanian,Pakistani
Borg,Cosker,Male,Haitian Creole,Seminole
Patricio,Cattlemull,Male,Arabic,Iroquois
Barrett,McLarnon,Male,English,Colombian
Zandra,McCaughan,Female,Lao,Yaqui
Miof mela,Iacomelli,Female,Catalan,Creek
Drusy,Nower,Female,Korean,American Indian
Antonetta,Chipp,Female,Norwegian,Mexican
Bryce,Scopyn,Male,Estonian,Yakama
Corbie,Lodevick,Male,Finnish,Seminole
Thorin,Bourdel,Male,Khmer,Iroquois
Theresita,Huncote,Female,Japanese,Pima
Care,Bleas,Male,Catalan,Chilean
Howie,Hargess,Male,Azeri,Sri Lankan
Carin,Franzelini,Female,Bosnian,Delaware
Gerek,Jovicic,Male,Maltese,NHPI
Teodoor,Slide,Male,Dari,Hmong
Roscoe,Kanwell,Male,Quechua,Indonesian
Mellisa,Grugerr,Female,Quechua,Iroquois
Dacia,Van Saltsberg,Female,Irish Gaelic,Micronesian
Alfonse,Grangier,Male,Tok Pisin,Guamanian
Temple,Shelf,Male,Swahili,Choctaw
Shina,Bruno,Female,Dutch,Salvadoran
Shara,Quig,Female,Malagasy,White
Morlee,Iacopetti,Male,Italian,Central American
Cassandry,Shurlock,Female,Māori,Malaysian
Bobbi,Garrish,Female,Bulgarian,Samoan
Sydney,Dimitrie,Female,Kazakh,AIAN
Beverlie,Rigg,Female,Japanese,AIAN
Ashla,Jecks,Female,Mongolian,Korean
Alyosha,Jerromes,Male,Malayalam,Vietnamese
Cyrille,Beckhurst,Male,Dhivehi,Melanesian
Delphine,Scneider,Female,Macedonian,Iroquois
Tiphanie,Shillaber,Female,Luxembourgish,White
Northrop,Aldrich,Male,Georgian,Cuban
Wilbert,Wallace,Male,Punjabi,Ottawa
Chicky,Hastin,Male,Greek,Bangladeshi
Zachery,Vasyanin,Male,Somali,Pueblo
Beauregard,Drake,Male,English,Vietnamese
Casie,Nickoles,Female,Estonian,Comanche
Rossie,Syddall,Male,Filipino,Eskimo
Addie,Wegman,Male,Gujarati,Tohono O'Odham
Valle,Prys,Male,Romanian,Nicaraguan
Oswell,Ballister,Male,Spanish,Guatemalan
Britteny,Haggett,Female,Tamil,Cambodian
Clyde,Bourdon,Male,Papiamento,Sioux
Mercie,Pethick,Female,New Zeland,Hmong
Faunie,Tarbath,Female,Kashmiri,Cambodian
Marge,Lyes,Female,Albanian,Hmong
Fremont,Hargate,Male,Māori,Asian Indian
Ailbert,Klosterman,Male,Burmese,Kiowa
Tobi,Pietruschka,Female,Hindi,Shoshone
Frasquito,Gready,Male,Persian,Delaware
Enrichetta,Al Hirsi,Female,Dzongkha,Yakama
Everard,Judge,Male,Lithuanian,Cuban
Mehetabel,Pickthorne,Female,Māori,African American
Becca,Kenneway,Female,Malayalam,Peruvian
Marten,Lancashire,Male,Persian,Pakistani
Gail,Dolden,Female,Tamil,Thai
Collen,Doelle,Female,Khmer,Dominican
Belita,Mongain,Female,Gagauz,Pakistani
Orville,Eley,Male,Fijian,Blackfeet
Jayme,Yakobowitz,Male,Tok Pisin,Uruguayan
Tonie,Miroy,Female,Lao,Pima
Mortie,Braunle,Male,English,Tlingit-Haida
Sibeal,Brasner,Female,Gujarati,Asian Indian
Shanon,Lorenzetti,Female,Catalan,Filipino
Sheelah,Clements,Female,Afrikaans,Costa Rican
Marlon,Beany,Male,Hindi,Taiwanese
Jan,Zorzin,Female,Estonian,AIAN
Rorie,Adin,Female,Danish,Tohono O'Odham
Dalis,Le Blanc,Male,Tetum,Asian
Korie,Doumerque,Female,Kashmiri,White
Simmonds,Bewley,Male,Swahili,Thai
Thorstein,Schulken,Male,Persian,Crow
Dall,Senton,Male,Polish,Salvadoran
Allister,Weathey,Male,Assamese,Iroquois
Allister,Chimienti,Male,Dari,Micronesian
Letta,Moral,Female,Estonian,Navajo
Dave,Thebeau,Male,Tok Pisin,Laotian
Petunia,O'Hickey,Female,Bislama,Argentinian
Nancee,McCaig,Female,Somali,Lumbee
Bogey,Bohin,Male,Aymara,Melanesian
Marshal,Blaber,Male,French,Micronesian
Thorin,Storrier,Male,Korean,American Indian
Moise,Badger,Male,Marathi,Kiowa
Jacqueline,Fendley,Female,Kazakh,Colombian
Ferne,Boniface,Female,Kurdish,Osage
Sammy,Hurdiss,Female,Zulu,Chamorro
Gwenette,Scales,Female,Tok Pisin,American Indian
Hayward,Baseke,Male,Icelandic,Costa Rican
Rafaela,Pover,Female,Belarusian,Fijian
Shelby,Sillis,Female,Finnish,Vietnamese
Pail,Woolacott,Male,Maltese,Blackfeet
Klaus,Roderham,Male,Malayalam,Paiute
Torrie,Minchinden,Female,Swahili,Polynesian
Johnnie,Reddish,Male,Macedonian,Venezuelan
Carlos,Stovine,Male,Amharic,Delaware
Dacy,Beaze,Female,Lao,Shoshone
Cristie,Crossman,Female,French,Sioux
Hamlin,Westmerland,Male,Latvian,Dominican
Zebulon,Ramsbotham,Male,Thai,Micronesian
Denna,Creagh,Female,Thai,Panamanian
Leon,Comford,Male,Tok Pisin,African American
Gale,Geffcock,Female,Korean,Honduran
Lane,Goutcher,Female,Kashmiri,Paiute
Khalil,Steadman,Male,Fijian,Blackfeet
Arley,Simony,Male,Bislama,Pakistani
Demetra,Oswald,Female,Arabic,Malaysian
Aluin,Wallage,Male,Romanian,Laotian
Francklyn,Woodfine,Male,Ndebele,Crow
Nathanial,Yarnall,Male,Estonian,Ecuadorian
Raoul,Sherwood,Male,Malay,Guatemalan
Valli,Cowern,Female,Burmese,Asian
Kacie,Acres,Female,Kannada,Argentinian
Trudy,Eykelbosch,Female,Kazakh,Lumbee
Kim,Davidovicz,Male,Fijian,Potawatomi
Quintilla,Rizzillo,Female,Bulgarian,Blackfeet
Roberto,Kenworthy,Male,Indonesian,Creek
Konrad,Odney,Male,Latvian,Paraguayan
Jayson,Downing,Male,Sotho,NHPI
Sayre,Moseley,Female,Nepali,Costa Rican
Richmond,MacGray,Male,Swati,Dominican
Zared,Sends,Male,German,Central American
Ronnie,Hucquart,Male,Yiddish,Houma
Rowland,Dovinson,Male,Amharic,Melanesian
Iorgos,Roskam,Male,Sotho,Osage
Deane,VanBrugh,Female,West Frisian,Seminole
Seumas,Middleton,Male,Romanian,Comanche
Gawain,Saltrese,Male,Filipino,Puerto Rican
Ulysses,Salasar,Male,Bosnian,Tohono O'Odham
Billy,Joskowitz,Male,Northern Sotho,Argentinian
Misha,Bearsmore,Female,Tamil,Colombian
Thedric,McMeeking,Male,Pashto,Panamanian
Katey,Jolliss,Female,Hindi,Ottawa
Dimitry,Handrick,Male,Dutch,Japanese
Vincenz,Nutbeam,Male,Chinese,Pueblo
Deeann,Egle of Germany,Female,Montenegrin,Cambodian
Saloma,Redshaw,Female,Danish,Sri Lankan
Kiel,Rosling,Male,Kashmiri,African American
Manuel,Grevile,Male,Hebrew,Cherokee
Haleigh,Bilofsky,Male,Punjabi,Thai
Lacie,Tuckett,Female,Māori,Native Hawaiian
Adler,Gawn,Male,Kyrgyz,Alaska Native
Dav,Glancey,Male,Korean,Bolivian
Jonah,Tampling,Male,Northern Sotho,Cuban
Teodoro,Josefsen,Male,Aymara,Colville
Dermot,Sandbrook,Male,Marathi,Guamanian
Orion,Caselick,Male,Tswana,Yakama
Lancelot,Aronowicz,Male,Kurdish,Asian Indian
Barnebas,Mocher,Male,Indonesian,Menominee
Kendra,Josskovitz,Female,Amharic,Paiute
Ainslie,MacGebenay,Female,Kazakh,Cree
Mart,Winkless,Male,Pashto,Menominee
Cyndy,Siddall,Female,Tok Pisin,Tongan
Crissie,Yakunin,Female,Chinese,Pima
Royal,Reckless,Male,Pashto,Asian Indian
Caspar,Gosnoll,Male,Nepali,Yakama
Boigie,Ruggles,Male,Bengali,Laotian
Roldan,Brushneen,Male,New Zeland,Spaniard
Sigismondo,Arnke,Male,Ndebele,Osage
Jorgan,Gerauld,Male,Bislama,Asian Indian
Faun,Blondell,Female,Filipino,Venezuelan
Joaquin,Seakin,Male,Ndebele,Cambodian
Shandie,Cottisford,Female,English,Asian Indian
Hugh,Eyes,Male,Albanian,Crow
Lainey,Place,Female,Georgian,Central American
Domingo,Allgood,Male,Tamil,Asian Indian
Merrel,Buttle,Male,Aymara,Colville
Petra,Oneal,Female,Dari,Hmong
Phillis,Curuclis,Female,Arabic,Melanesian
Chicky,Betteson,Male,Filipino,Bolivian
Phillie,Colby,Female,Malay,Mexican
Powell,Carstairs,Male,Montenegrin,Crow
Stinky,Garahan,Male,Kashmiri,American Indian
Justinian,Noyes,Male,Bengali,Uruguayan
Jefferson,Tarn,Male,Estonian,Tlingit-Haida
Ludvig,Lipmann,Male,Sotho,Panamanian
Tamqrah,Hamblington,Female,Mongolian,Native Hawaiian
Lorant,O' Mulderrig,Male,Croatian,Sioux
Corrianne,Shenton,Female,Tetum,Paiute
Ron,Elvidge,Male,Danish,Alaska Native
Patty,Moogan,Female,Dari,Puerto Rican
Dorelle,Dybald,Female,Tamil,Costa Rican
Rodrique,Dory,Male,Indonesian,Osage
Andre,Gowdie,Male,Kurdish,Iroquois
Ilario,Birch,Male,Korean,Laotian
Wade,Mattiato,Male,Persian,Bolivian
Web,Besnard,Male,German,Mexican
Lauri,Pechan,Female,Spanish,Pakistani
Alexandros,Long,Male,Estonian,Lumbee
Lemmie,Wrathmell,Male,West Frisian,Alaska Native
Moses,Daggett,Male,Quechua,White
Inglis,Ximenez,Male,New Zeland,Mexican
Nissie,Gallamore,Female,Bosnian,Kiowa
Archibald,Clousley,Male,Quechua,Cambodian
Waldo,Winks,Male,Malagasy,Korean
Pollyanna,Tarver,Female,Tswana,Japanese
Wilhelmine,Sheringham,Female,Norwegian,Dominican
Marcelline,Diego,Female,Quechua,Cree
Ivar,Leas,Male,Quechua,Kiowa
Westley,Simkovich,Male,Bislama,Shoshone
Raoul,Loughney,Male,Finnish,Cuban
North,Fyndon,Male,Lao,Panamanian
Arlana,Dashper,Female,Swahili,Crow
Stephani,Readie,Female,Japanese,NHPI
Birdie,Benedicte,Female,Hindi,Tlingit-Haida
Willard,Asker,Male,Gagauz,Honduran
Pearle,Penwright,Female,French,Sri Lankan
Tedra,Wybrew,Female,Catalan,Cheyenne
Eilis,Caughey,Female,Dari,Native Hawaiian
Andre,Gowthrop,Male,Punjabi,Aleut
Rafael,Merryfield,Male,Montenegrin,Korean
Lewie,Demkowicz,Male,Marathi,Apache
Salomi,Tyers,Female,Fijian,Filipino
Letty,Allabarton,Female,Haitian Creole,Indonesian
Jammie,Nerger,Female,Luxembourgish,Aleut
Antonietta,Giannazzo,Female,Tajik,American Indian
Seline,Valance,Female,Hiri Motu,Taiwanese
Jessey,Bakesef,Male,Lao,Thai
Nola,Cornehl,Female,Dari,Venezuelan
Micky,Pendell,Male,Greek,Laotian
Ezequiel,Valance,Male,Tswana,Mexican
Ase,Adolthine,Male,Guaraní,Paiute
Lissy,Eubank,Female,Portuguese,Tongan
Tallou,Kibbey,Female,Japanese,Fijian
Susanetta,Sinkinson,Female,Māori,Ute
Michele,Pedlingham,Female,Spanish,Vietnamese
Nelia,Dast,Female,Swedish,Chickasaw
Jane,Pirolini,Female,Tamil,Uruguayan
Hugo,Whithorn,Male,Afrikaans,Chamorro
Gilberta,Shilston,Female,West Frisian,Delaware
Ferrell,Jahn,Male,Pashto,Ottawa
Wally,Gland,Female,Quechua,Navajo
Aaren,Caddan,Female,Moldovan,Tohono O'Odham
Dyanne,Blasli,Female,Swati,Micronesian
Kathye,Blackmoor,Female,Fijian,Menominee
Gunther,Hugh,Male,Kazakh,Vietnamese
Hillary,Thormwell,Male,Kannada,Central American
Skyler,Jime,Male,Dutch,Central American
Elizabeth,Craythorn,Female,Guaraní,Cherokee
Locke,Lithcow,Male,Kazakh,Colombian
Aldwin,Fleeming,Male,Irish Gaelic,Menominee
Elvin,Ainslie,Male,Greek,Creek
Yvonne,Goudge,Female,Maltese,Fijian
Genovera,Maureen,Female,Danish,Creek
Lynea,Sherreard,Female,Dzongkha,Cree
Martica,Perse,Female,Albanian,Nicaraguan
Cornelius,Tour,Male,Māori,Laotian
Gareth,Sebley,Male,New Zeland,Tongan
Frederik,O'Hannen,Male,Korean,Alaskan Athabascan
Patrick,Fiddian,Male,Georgian,White
Dallas,Stodit,Female,Ndebele,Crow
Ninnette,Higginbottam,Female,Marathi,Mexican
Timothy,Cuddy,Male,Icelandic,Tohono O'Odham
Eddy,Eykelbosch,Female,Tok Pisin,Yuman
Gail,Stife,Male,Montenegrin,Choctaw
Lory,Kloser,Female,Maltese,Delaware
Shandy,Betton,Female,Romanian,Tohono O'Odham
Karlene,Mabbott,Female,Northern Sotho,Seminole
Lonnard,Ackred,Male,Tetum,Guamanian
Tudor,Whinney,Male,German,Eskimo
Hamil,Thebe,Male,Assamese,Chippewa
Desirae,Deakin,Female,Quechua,Ottawa
Janeva,Cymper,Female,Georgian,Seminole
Cynthea,Gibbard,Female,Kannada,Kiowa
Constantia,Keach,Female,French,Cree
Knox,Danis,Male,New Zeland,African American
Symon,Finey,Male,Hiri Motu,Cree
Rosalynd,Heinecke,Female,Croatian,Hmong
Levey,Clulee,Male,Danish,Blackfeet
Aubrette,Turmall,Female,Tajik,Dominican
Sadie,Grestie,Female,Kashmiri,Uruguayan
Chickie,Leverett,Male,Māori,Pueblo
Daniel,Toplis,Male,Afrikaans,Guatemalan
Dennet,Donoher,Male,French,Tohono O'Odham
Phineas,Farris,Male,Icelandic,Venezuelan
Allie,O'Connell,Male,Tok Pisin,Spaniard
Celestina,Loveard,Female,Maltese,Cheyenne
Tynan,Demer,Male,Dhivehi,Chinese
Sonnie,Gogay,Female,Hindi,Sioux
Baxter,Rountree,Male,Oriya,Paiute
Curcio,Katte,Male,Kyrgyz,Chinese
Garnet,Odeson,Female,Portuguese,Thai
Olympe,Brunn,Female,Hiri Motu,Colombian
Gian,Tarry,Male,Kyrgyz,AIAN
Rosalinda,Domange,Female,Tsonga,AIAN
Joelly,D'eath,Female,New Zeland,Alaska Native
Dickie,Peddar,Male,Hungarian,Costa Rican
Hobey,Noad,Male,Hungarian,Uruguayan
Gael,Swadlen,Male,Bulgarian,Ecuadorian
Roseanne,Pimerick,Female,Afrikaans,NHPI
Bernelle,Cropp,Female,Ndebele,Navajo
Roselia,Nolder,Female,Haitian Creole,Paraguayan
Ernie,Bloomer,Male,Armenian,Kiowa
Shelby,Hampshaw,Male,Albanian,Samoan
Kermit,Catlow,Male,Czech,Japanese
Tybie,McCurlye,Female,Icelandic,Fijian
Loretta,Parradye,Female,Japanese,Pima
Arlee,Chastenet,Female,Chinese,Colombian
Hill,Beal,Male,Dari,Potawatomi
Adolph,Lillecrap,Male,Sotho,Pakistani
Bambie,Risdale,Female,Hebrew,Iroquois
Leelah,Haps,Female,Kurdish,Yaqui
Lorette,Possa,Female,Dutch,African American
Taryn,McArthur,Female,Japanese,Cheyenne
Kendell,Roderham,Male,Hindi,Menominee
Gary,Soughton,Male,Malagasy,Chippewa
El,O'Scanlan,Male,Icelandic,Fijian
Ethelind,Silkston,Female,Sotho,Bangladeshi
Duffie,Donaghie,Male,Luxembourgish,Peruvian
Cati,Yokel,Female,Finnish,Vietnamese
Leif,Champain,Male,Amharic,Yakama
Viv,Storms,Female,Albanian,Spaniard
Darline,Clurow,Female,German,Colville
Roddy,Cluely,Male,Icelandic,Yakama
Beitris,Priscott,Female,French,Bolivian
Rickie,Authers,Male,Indonesian,Cree
Papageno,Kinsman,Male,Romanian,Argentinian
Gonzales,Kmietsch,Male,Kazakh,NHPI
Dalis,Tingly,Male,Yiddish,Dominican
Christian,Camosso,Male,Filipino,Venezuelan
Maximilianus,Scholler,Male,Polish,Japanese
Jarib,Hurich,Male,Norwegian,Filipino
Melitta,Woolmington,Female,German,Thai
Morganica,Goburn,Female,Sotho,Apache
Milzie,Woolforde,Female,Somali,Tongan
Jervis,Frigot,Male,German,NHPI
Trixy,Pitceathly,Female,Korean,American Indian
Hyacintha,McQuarrie,Female,New Zeland,Alaska Native
Fayette,Eldon,Female,Czech,Pueblo
Erie,Huard,Male,Kannada,Micronesian
Kincaid,Brennen,Male,Nepali,Taiwanese
Issie,Guly,Female,Dzongkha,Puget Sound Salish
Milt,Groveham,Male,Estonian,Malaysian
Eduino,McCay,Male,Irish Gaelic,Chamorro
Del,Peatheyjohns,Male,Hindi,Costa Rican
Caye,Shevels,Female,Azeri,Osage
Giavani,Kneeland,Male,Indonesian,Kiowa
Lewes,Masarrat,Male,Khmer,Pima
Alie,Pococke,Female,Haitian Creole,South American
Adda,Cashley,Female,Tsonga,Melanesian
Consolata,Schlag,Female,Kannada,Osage
Liane,Emerton,Female,Thai,Chickasaw
Marcia,Crush,Female,Yiddish,Micronesian
Linnet,Maharey,Female,Georgian,Laotian
Becky,Binton,Female,Bosnian,Blackfeet
Milicent,Jarret,Female,Zulu,Bangladeshi
Lynelle,Troucher,Female,Italian,White
Shayna,Connochie,Female,Thai,Peruvian
Cassie,Napoleon,Female,Gujarati,Potawatomi
Dyann,Stonuary,Female,Kannada,Lumbee
Gardie,Iacovolo,Male,Afrikaans,Cambodian
Balduin,Spinley,Male,Catalan,Choctaw
Hy,Strange,Male,Tamil,Cree
Sharleen,Sambiedge,Female,Dzongkha,Malaysian
Jourdain,Yearnsley,Male,Persian,Japanese
Nils,Southorn,Male,Tajik,Guatemalan
Belinda,Hiland,Female,Kashmiri,Yaqui
Florri,Lampen,Female,Danish,Cree
Oren,Drache,Male,Assamese,African American
Dulce,Caltun,Female,English,Yakama
Gil,Aitchison,Male,Latvian,Panamanian
Natividad,Fells,Female,Korean,Iroquois
Errol,Hellyer,Male,Swati,Pueblo
Herman,Skippon,Male,German,Cheyenne
Lynea,Harbottle,Female,Pashto,Ecuadorian
Sarajane,Osan,Female,Bulgarian,Colombian
Abner,Wringe,Male,Spanish,Puerto Rican
Dalila,Timmons,Female,Māori,NHPI
Nikolos,Ewing,Male,Norwegian,Honduran
Giacomo,Blankley,Male,Norwegian,Panamanian
Araldo,Scintsbury,Male,Chinese,Sri Lankan
Eugenie,Lobley,Female,Oriya,Puerto Rican
Angeli,Sweating,Male,Kurdish,Menominee
Britt,Sherwood,Female,Irish Gaelic,Taiwanese
Verla,Houseago,Female,Dutch,Taiwanese
Alexia,Jacobovitz,Female,Catalan,Pakistani
Jarrod,Franzel,Male,Kyrgyz,American Indian
Bald,Marthen,Male,French,Delaware
Clifford,Taw,Male,Armenian,Panamanian
Bear,Wallwork,Male,Finnish,Comanche
Imojean,Giddens,Female,German,Spaniard
Toma,Acres,Female,Khmer,Menominee
Rivalee,McCallion,Female,Pashto,Cherokee
Elie,Northing,Female,Northern Sotho,Samoan
Wilt,Zelake,Male,Dutch,Houma
Barbara,Digg,Female,Lao,Tongan
Cobbie,Panons,Male,Khmer,Pima
Bram,Kinvig,Male,Kashmiri,Colombian
Tallie,Writer,Female,Polish,Filipino
Cord,Summerlad,Male,German,Tongan
Latia,Cominello,Female,Telugu,Argentinian
Wolf,Lyston,Male,New Zeland,Paraguayan
Karen,Derham,Female,New Zeland,NHPI
Nicolais,Carslake,Male,Maltese,Asian Indian
Tine,Yegorkin,Female,Yiddish,Bolivian
Haily,Brumbie,Female,Oriya,Uruguayan
Rhys,Staveley,Male,Lithuanian,Cuban
Etta,Blodgett,Female,Pashto,Shoshone
Rab,Van der Kruijs,Male,Georgian,White
Prisca,Fiveash,Female,Kyrgyz,Peruvian
Wiatt,Askem,Male,Quechua,Yakama
Jenine,Dyett,Female,Japanese,Puget Sound Salish
Tammara,Knipe,Female,Amharic,Seminole
Perceval,Billingham,Male,Japanese,Paraguayan
Claudine,Duhig,Female,Finnish,Guatemalan
Justino,Josipovitz,Male,Swedish,African American
Kiah,Snawdon,Female,Swati,Chinese
Krysta,McCafferky,Female,Māori,Taiwanese
Laverna,Portlock,Female,Telugu,Fijian
Odie,Beynkn,Male,Icelandic,AIAN
Camellia,Plampin,Female,Romanian,Pueblo
Paquito,Eagling,Male,Greek,Ute
Joni,Stopps,Female,Icelandic,Mexican
Anallese,Cobbledick,Female,Khmer,AIAN
Jordana,Ortner,Female,Burmese,Comanche
Lucilia,Cockerill,Female,Lithuanian,Argentinian
Gilligan,Potteridge,Female,Bislama,Cambodian
Desirae,Poulsum,Female,Georgian,Samoan
Frankie,Spens,Female,Irish Gaelic,Bolivian
Dolf,Marusik,Male,Afrikaans,Uruguayan
Haskel,Paulus,Male,Montenegrin,Cree
Belita,Allibon,Female,Kannada,Paraguayan
Cross,Larderot,Male,German,Tlingit-Haida
Goldy,Mailey,Female,Hebrew,Cheyenne
Sally,Hayman,Female,Dutch,Ecuadorian
Andreas,Leggin,Male,Pashto,Asian Indian
Vilma,Veal,Female,Yiddish,Osage
Curry,Cawthorne,Male,Tok Pisin,Panamanian
Jase,Sproston,Male,Hebrew,Asian Indian
Susann,Varga,Female,Telugu,Cuban
Phil,North,Female,Tajik,Yaqui
Charyl,Braunfeld,Female,Haitian Creole,Creek
Norry,Ruoss,Male,Indonesian,Iroquois
Clarey,De Maria,Female,Malayalam,AIAN
Nessi,Santry,Female,Albanian,Filipino
Cam,Blackbourn,Male,Dutch,American Indian
Berget,MacDonnell,Female,Gujarati,Korean
Roberto,Junes,Male,Bislama,Tlingit-Haida
Meriel,Langhor,Female,Dzongkha,Houma
Maurise,Lockley,Female,Japanese,Cuban
Owen,Matzel,Male,Thai,Osage
Brit,Aime,Male,Bislama,Potawatomi
Audi,Maulkin,Female,Macedonian,Paiute
Holly,Schule,Female,Aymara,Mexican
Ash,Skyppe,Male,Māori,African American
Orrin,Alywin,Male,Swati,Guatemalan
Carolan,Bloxsum,Female,Papiamento,Lumbee
Mitchael,Jaszczak,Male,Greek,Asian
Brandyn,Grix,Male,Macedonian,Bangladeshi
Erinn,Curd,Female,Moldovan,Pakistani
Edsel,Maplethorp,Male,West Frisian,Ecuadorian
Olly,Van Castele,Male,French,Panamanian
Jobie,MacLese,Female,Finnish,Tohono O'Odham
Genia,Bellew,Female,Chinese,Puerto Rican
Byram,Starie,Male,Korean,Eskimo
Dorris,Lawford,Female,Estonian,American Indian
Warde,Dumbelton,Male,Afrikaans,Tlingit-Haida
Bowie,Cargen,Male,German,Cree
Homer,Rosenblath,Male,Kashmiri,Ottawa
Vevay,Spurrior,Female,Gagauz,Yuman
Gui,Kirk,Female,Somali,Alaska Native
Garrot,Sedcole,Male,Hindi,Comanche
Salim,Eagland,Male,Indonesian,Menominee
Sandye,Bicheno,Female,Tswana,Choctaw
Gradeigh,Asp,Male,Portuguese,Puerto Rican
Eleonore,Mingaud,Female,Tsonga,Peruvian
Eldridge,Boumphrey,Male,Maltese,Bolivian
Perle,Blenkensop,Female,Ndebele,Guamanian
Tammy,Limerick,Female,Bislama,Honduran
Immanuel,Logie,Male,Tswana,Iroquois
Berta,Luff,Female,Maltese,Paraguayan
Nat,Scothorne,Male,Hiri Motu,Nicaraguan
Sascha,Strickett,Female,Thai,Yakama
Kipp,Godar,Female,Thai,Chinese
Candie,Sabater,Female,Georgian,Cherokee
Dirk,Loughton,Male,Pashto,Ottawa
Maurizio,Branno,Male,Luxembourgish,Potawatomi
Jacynth,Vaneev,Female,Gujarati,Vietnamese
Gertrudis,Zorro,Female,Mongolian,Alaskan Athabascan
Iorgos,McCrone,Male,Bulgarian,Chinese
Reade,Crysell,Male,Tamil,Ecuadorian
Daphne,Ruecastle,Female,Danish,Taiwanese
Willabella,Wahncke,Female,Guaraní,American Indian
Phillip,Wareing,Male,Tetum,Filipino
Si,Brunton,Male,Swedish,Hmong
Dante,Povey,Male,Malagasy,Puget Sound Salish
Eliza,Ciccottini,Female,Kurdish,Laotian
Jayme,Laffan,Female,Māori,Choctaw
Haven,Carnegie,Male,English,Shoshone
Jarvis,Slimme,Male,Tok Pisin,Dominican
Alidia,Dudden,Female,Korean,Osage
Ailbert,Dwine,Male,Marathi,American Indian
Winnie,Latimer,Male,Quechua,Puget Sound Salish
Arlina,Lethby,Female,Bosnian,Chamorro
Sutherland,McGurn,Male,Tsonga,Peruvian
Maxie,Rangeley,Male,Oriya,Crow
Gilbert,Hullock,Male,Montenegrin,Tlingit-Haida
Barde,Lodwick,Male,Estonian,Paiute
Wells,Farlham,Male,Kyrgyz,Central American
Bat,Arthan,Male,West Frisian,Uruguayan
Jamey,Dobrovsky,Male,Papiamento,Sioux
Meggie,Dawney,Female,West Frisian,Central American
Alfred,Falck,Male,Oriya,Melanesian
Penn,Covely,Male,Hindi,Crow
Patty,Usherwood,Female,Chinese,Argentinian
Demott,Rumming,Male,Punjabi,Salvadoran
Mahmoud,Gilders,Male,Kazakh,Panamanian
Gabriella,Infantino,Female,Latvian,Paraguayan
Murial,Munro,Female,Dhivehi,Paraguayan
Sansone,Jerschke,Male,Hiri Motu,Chilean
Dorie,Duffield,Male,Icelandic,Asian
Max,Miskelly,Male,Oriya,Cree
Nathan,Brevetor,Male,Catalan,Costa Rican
Reiko,Corcoran,Female,Polish,Samoan
Jason,Vince,Male,Assamese,Cheyenne
Lizabeth,Iles,Female,Portuguese,Bangladeshi
Vassili,Jehu,Male,Italian,Puget Sound Salish
Hamilton,Poolton,Male,Tajik,Tongan
Kristo,Kerwin,Male,Marathi,Tongan
Alvina,Huygen,Female,Kyrgyz,Paraguayan
Carr,Tilbrook,Male,Irish Gaelic,Kiowa
Daria,Grist,Female,Filipino,Fijian
Claudelle,Moorerud,Female,Kannada,Aleut
Jonathon,Conachie,Male,Nepali,Comanche
Neill,Bragg,Male,Irish Gaelic,Alaskan Athabascan
Ericka,Volonte,Female,Italian,Taiwanese
Jamison,Poppy,Male,Albanian,Creek
Ives,Priddey,Male,Italian,Chinese
Cchaddie,Hame,Male,Montenegrin,Melanesian
Kelsey,Brewin,Female,Kannada,Japanese
Ora,Sterricker,Female,Hindi,South American
Jeromy,Poles,Male,Guaraní,Cheyenne
Roda,Artindale,Female,Dhivehi,Pakistani
Alysia,A'Barrow,Female,Malagasy,Central American
Cedric,Achrameev,Male,Catalan,Tohono O'Odham
Archibald,Cranefield,Male,Dari,Shoshone
Lorne,Muddle,Female,Malay,White
Marmaduke,Rudolfer,Male,Catalan,Indonesian
Cheri,Cooling,Female,Haitian Creole,Eskimo
Opal,Voce,Female,Japanese,Filipino
Melosa,Jeroch,Female,Dutch,AIAN
Henriette,Pentland,Female,Spanish,Chilean
Mariam,Dummett,Female,Bosnian,Puget Sound Salish
Jaclyn,Curson,Female,Zulu,Navajo
Jerry,Colclough,Female,Italian,Native Hawaiian
Carie,Gronowe,Female,Oriya,Puget Sound Salish
Aloise,Knill,Female,Yiddish,Cuban
Humbert,Ferrillio,Male,Hebrew,Choctaw
Zebulon,Spinnace,Male,Polish,Aleut
Blondelle,Ludvigsen,Female,Malagasy,Japanese
Bobine,Ferrillio,Female,Belarusian,Vietnamese
Findlay,Aleksandrov,Male,Haitian Creole,Sioux
Cammie,Ghioni,Female,Bulgarian,Creek
Stanfield,Copeman,Male,Bislama,Aleut
Jonie,Gianetti,Female,Latvian,Asian Indian
Leroy,Fladgate,Male,Sotho,Shoshone
Nell,Camili,Female,Greek,Hmong
Bruis,Joutapavicius,Male,Kazakh,Chinese
Obadiah,Viggers,Male,Greek,Puerto Rican
Mylo,McInally,Male,Kazakh,African American
Austin,Capstack,Male,Arabic,Cambodian
Mitzi,Goodisson,Female,Lithuanian,Crow
Gaylene,Stretton,Female,Danish,Chilean
Clark,Oyley,Male,Kurdish,Yaqui
Cori,Boyat,Female,Estonian,Navajo
Rufe,Leynham,Male,Tajik,Bolivian
Dulciana,Smickle,Female,Belarusian,Kiowa
Kiele,Proudley,Female,Macedonian,NHPI
Dillie,Halfacree,Male,Arabic,Tlingit-Haida
Althea,Meadley,Female,Hindi,Paraguayan
Kizzee,O'Fallon,Female,Swahili,Indonesian
Brigitta,Maker,Female,Burmese,Spaniard
Cassandry,Bandiera,Female,Georgian,Bolivian
Rich,Jirsa,Male,Bengali,American Indian
Artemis,Lardez,Male,Telugu,Indonesian
Mollie,Jakeway,Female,Romanian,Thai
Sayre,Andrzejak,Female,Burmese,Kiowa
Bernie,Senner,Male,Finnish,Sioux
Othelia,Mc Caughan,Female,Telugu,Iroquois
Ray,Brachell,Female,Guaraní,Blackfeet
Abby,Derisley,Male,Tetum,Central American
Babs,Lucey,Female,Kazakh,Colombian
Penn,Chick,Male,Finnish,South American
Dickie,MacAvddy,Male,Somali,Japanese
Wynny,Pilgram,Female,Pashto,Malaysian
Roosevelt,Bothwell,Male,Catalan,Central American
Hodge,Iowarch,Male,Finnish,Thai
Rora,Jaze,Female,Bengali,Korean
